{
  "coefs": [
    0.07389684669585656,
    -0.44697725943784733,
    -0.5940785521739331,
    -0.5786938696914299,
    1.0165232321095483,
    0.9355702193619483,
    0.04957107649735645,
    3.809273179239933,
    -0.5733149407811267,
    -0.6662728344010258,
    -0.40183476360041337,
    0.40236351999076475,
    -1.3833551246452278,
    -0.6440697192514279,
    1.4718884602240612,
    0.08923176637860873,
    0.46364948921391635,
    -0.290309808214264,
    -0.07614239897657478
  ],
  "intercept": -2.7911564306481242,
  "threshold": 0.8,
  "feature_names": [
    "url_length",
    "n_dots",
    "n_hypens",
    "n_underline",
    "n_slash",
    "n_questionmark",
    "n_equal",
    "n_at",
    "n_and",
    "n_exclamation",
    "n_space",
    "n_tilde",
    "n_comma",
    "n_plus",
    "n_asterisk",
    "n_hastag",
    "n_dollar",
    "n_percent",
    "n_redirection"
  ]
}